GO
CREATE DATABASE QUANLICUAHANG_XEMAY
GO
use QUANLICUAHANG_XEMAY
GO
CREATE TABLE CHUCVU(
	MACV				NVARCHAR(50)	PRIMARY KEY,		
	TENCHUCVU			NVARCHAR(50)	NOT NULL,
	LUONGCOBAN			FLOAT,
)
GO
create TABLE NHANVIEN(
	MANHANVIEN			NVARCHAR(50)	PRIMARY KEY,
	TENNHANVIEN			NVARCHAR(50)	NOT NULL,
	SDT					FLOAT,
	DIACHI				NVARCHAR(50),
	EMAIL				NVARCHAR(50)	NULL,
	NGAYSINH			DATE,
	GIOITINH			Nvarchar(50),
	QUEQUAN				NVARCHAR(50),
	PASSWORD			NVARCHAR(50),
	USERLOGIN			NVARCHAR(50),
	MACV				NVARCHAR(50)	NOT NULL,		
)
GO
CREATE TABLE NHACUNGCAP(
	MANHACUNGCAP		NVARCHAR(50)	PRIMARY KEY,		
	TENNHACUNGCAP		NVARCHAR(50)	NOT NULL,
	DIACHI				NVARCHAR(100)			,
	DIENTHOAI			FLOAT					,
	EMAIL				NVARCHAR(50)			,
	HINHANH				IMAGE
)
GO
CREATE TABLE KHACHHANG(
	MAKH			NVARCHAR(50)	PRIMARY KEY,
	TENKH			NVARCHAR(50)	NOT NULL,
	DIACHI				NVARCHAR(50)	NULL	,
	DIENTHOAI			FLOAT		NULL,
	GMAIL				NVARCHAR(100)
)

CREATE TABLE SANPHAM(

	MASP               NVARCHAR(50) PRIMARY KEY,
	TENSP               NVARCHAR(200),
	MALOAI				NVARCHAR(50)	NOT NULL,
	DUNGTICHXL          NVARCHAR(50),
	KICHTHUOC           NVARCHAR(50),
	KHOILUONG           INT,
	CONGSUATTD          NVARCHAR(50),
	HANGXE               NVARCHAR(50),
	SOLUONG              INT,
	GIABAN              BIGINT,
	HINHANH             IMAGE
)
GO
CREATE TABLE LOAISP(
	MALOAI				NVARCHAR(50)	PRIMARY KEY,	
	TENLOAI			NVARCHAR(50)	NOT NULL,
)
GO
CREATE TABLE PNHAP	(
	MAPN				NVARCHAR(50)	PRIMARY KEY,		
	MANHACUNGCAP		NVARCHAR(50)	NOT NULL,	
	MANHANVIEN			NVARCHAR(50)	NOT NULL,		
	NGAYNHAP			DATE			NOT NULL,
)
GO
CREATE TABLE CTPNHAP(
	MAPN				NVARCHAR(50)	,
	MASP				NVARCHAR(50)	,
	PRIMARY KEY(MAPN, MASP),
	SLNHAP				INT				NOT NULL,
	DONGIANHAP			FLOAT					,		
)
--PHỤ TÙNG----------------------------------------
go
CREATE TABLE PHUTUNG(

	MAPT                NVARCHAR(50) PRIMARY KEY,
	TENPT               NVARCHAR(200),
	MALOAIPT		    NVARCHAR(50)	NOT NULL,
	SOLUONG             INT,
	GIABAN              BIGINT,
	HINHANH             IMAGE
)
GO
CREATE TABLE LOAIPT(
	MALOAIPT			NVARCHAR(50)	PRIMARY KEY,	
	TENLOAIPT			NVARCHAR(50)	NOT NULL,
		MOTA                NTEXT,
)
GO
CREATE TABLE CTPNHAPPT(
	MAPN				NVARCHAR(50)	,
	MAPT				NVARCHAR(50)	,
	PRIMARY KEY(MAPN, MAPT),
	SLNHAP				INT				NOT NULL,
	DONGIANHAP			FLOAT							
)
GO
CREATE TABLE HOADON	(
	MAHD			NVARCHAR(50)	PRIMARY KEY,	
	MAKH			NVARCHAR(50)	,
	MANHANVIEN		NVARCHAR(50)	NOT NULL,	
	NGAYXUATHD          DATE DEFAULT GETDATE(),
	CHIETKHAU       INT DEFAULT 0,
	THANHTIEN        FLOAT
)
GO
CREATE TABLE CTHD	(
	MAHD			NVARCHAR(50)	,
	MASP			NVARCHAR(50)	,
		PRIMARY KEY(MAHD, MASP),
	SL				INT				NOT NULL,		
)
GO
CREATE TABLE DICHVU(
MADV               NVARCHAR(50) PRIMARY KEY,
TENDV              NVARCHAR(200),
)
GO
CREATE TABLE CTDICHVU(
MAHDDV			   NVARCHAR(50)	,
MADV               NVARCHAR(50) ,
PRIMARY KEY(MAHDDV, MADV),
THANHTIENDV        BIGINT
)
CREATE TABLE HOADONDV(
	MAHDDV			NVARCHAR(50)	PRIMARY KEY,	
	MAKH			NVARCHAR(50)	,
	MANHANVIEN		NVARCHAR(50)	NOT NULL,	
	NGAYXUATHD          DATE DEFAULT GETDATE(),	
	THANHTIEN        FLOAT
)
GO
CREATE TABLE BAOHANH(
MAPHIEUBH NVARCHAR(50) PRIMARY KEY,
NGAYBATDAU DATE,
THOIHAN    INT
)
GO
CREATE TABLE CTBAOHANH(
MAHD NVARCHAR (50) ,
MAPHIEUBH NVARCHAR(50)  ,
PRIMARY KEY (MAHD, MAPHIEUBH),
TINHTRANG NVARCHAR (50),
THANHTIENBH BIGINT
)

go 
create table HinhAnhSP(
MASP               NVARCHAR(50),
MAHA               NVARCHAR(50),
PRIMARY KEY (MASP, MAHA),
HINHSP             IMAGE
)
GO

ALTER TABLE HOADON ADD FOREIGN KEY(MAKH) REFERENCES KHACHHANG(MAKH)
ALTER TABLE HOADON ADD FOREIGN KEY(MANHANVIEN) REFERENCES NHANVIEN(MANHANVIEN)
ALTER TABLE CTDICHVU ADD FOREIGN KEY(MADV) REFERENCES DICHVU(MADV)
ALTER TABLE CTDICHVU ADD FOREIGN KEY(MAHDDV) REFERENCES HOADONDV(MAHDDV)
ALTER TABLE PNHAP ADD FOREIGN KEY(MANHACUNGCAP) REFERENCES NHACUNGCAP(MANHACUNGCAP)
ALTER TABLE PNHAP ADD FOREIGN KEY(MANHANVIEN) REFERENCES NHANVIEN(MANHANVIEN)

ALTER TABLE CTPNHAP ADD FOREIGN KEY(MASP) REFERENCES SANPHAM(MASP)
ALTER TABLE CTPNHAP ADD FOREIGN KEY(MAPN) REFERENCES PNHAP(MAPN)

ALTER TABLE CTPNHAPPT ADD FOREIGN KEY(MAPT) REFERENCES PHUTUNG(MAPT)
ALTER TABLE CTPNHAPPT ADD FOREIGN KEY(MAPN) REFERENCES PNHAP(MAPN)

ALTER TABLE CTBAOHANH ADD FOREIGN KEY(MAPHIEUBH) REFERENCES BAOHANH(MAPHIEUBH)
ALTER TABLE CTBAOHANH ADD FOREIGN KEY(MAHD) REFERENCES HOADON(MAHD)
ALTER TABLE SANPHAM ADD FOREIGN KEY(MALOAI) REFERENCES LOAISP(MALOAI)

ALTER TABLE PHUTUNG ADD FOREIGN KEY(MALOAIPT) REFERENCES LOAIPT(MALOAIPT)

ALTER TABLE NHANVIEN ADD FOREIGN KEY(MACV) REFERENCES CHUCVU(MACV)
ALTER TABLE CTHD ADD FOREIGN KEY(MASP) REFERENCES SANPHAM(MASP)
ALTER TABLE CTHD ADD FOREIGN KEY(MAHD) REFERENCES HOADON(MAHD)

GO
--Nhà cung cấp
INSERT INTO NHACUNGCAP (MANHACUNGCAP,TENNHACUNGCAP, DIACHI, DIENTHOAI, EMAIL, HINHANH) VALUES (N'NCC01', N'HONDA Việt Nam', N'Quận 1, TP.HCM', 0987666777, N'dhv0612@gmail.com', null)
INSERT INTO NHACUNGCAP (MANHACUNGCAP,TENNHACUNGCAP, DIACHI, DIENTHOAI, EMAIL, HINHANH) VALUES (N'NCC02', N'YAMAHA Việt Nam', N'Quận 9 TPHCM', 0976251898, N'yamaha@gmail.com', NULL)
INSERT INTO NHACUNGCAP (MANHACUNGCAP,TENNHACUNGCAP, DIACHI, DIENTHOAI, EMAIL, HINHANH) VALUES (N'NCC03', N'SUZUKI Việt Nam', N'Quận Hoàn Kiếm, Hà Nội', 056451632, N'tvfahasa@gmail.com', NULL)
INSERT INTO NHACUNGCAP (MANHACUNGCAP,TENNHACUNGCAP, DIACHI, DIENTHOAI, EMAIL, HINHANH) VALUES (N'NCC04', N'Kawasaki Việt Nam', N'Quận Ba Đình, Hà Nội', 0410521030, N'Kawasaki@gmail.com', null)
INSERT INTO NHACUNGCAP (MANHACUNGCAP,TENNHACUNGCAP, DIACHI, DIENTHOAI, EMAIL, HINHANH) VALUES (N'NCC05', N' Piaggio Việt Nam', N'Quận Thủ Đức, TP.HCM', 09876694888, N'Piaggio@gmail.com', null)
--Chức vụ
INSERT INTO  CHUCVU(MACV, TENCHUCVU, LUONGCOBAN) VALUES (N'CV01', N'Giám đốc', 2000000)
INSERT INTO  CHUCVU(MACV, TENCHUCVU, LUONGCOBAN) VALUES (N'CV02', N'Phó giám đốc', 1500000)
INSERT INTO  CHUCVU(MACV, TENCHUCVU, LUONGCOBAN)  VALUES (N'CV03', N'Kế toán', 1300000)
INSERT INTO  CHUCVU(MACV, TENCHUCVU, LUONGCOBAN)  VALUES (N'CV04', N'Nhân viên kỹ thuật', 1300000)
--Khách hàng
INSERT INTO KHACHHANG(MAKH, TENKH, DIACHI, DIENTHOAI, GMAIL) VALUES (N'KH01', N'Soobin', N'Q.1 TPHCM', 092358941, N'dhv0612@gmail.com')
INSERT INTO KHACHHANG(MAKH, TENKH, DIACHI, DIENTHOAI, GMAIL) VALUES (N'KH02', N'LQV', N'Q.2 TPHCM',0926525203, N'dhvgroupdhv0612@gmail.com')
INSERT INTO KHACHHANG(MAKH, TENKH, DIACHI, DIENTHOAI, GMAIL) VALUES (N'KH03', N'Nguyễn Trọng Minh Thanh', N'Q.2 TPHCM', 099652301477, N'hoho@gmail.com')
INSERT INTO KHACHHANG(MAKH, TENKH, DIACHI, DIENTHOAI, GMAIL) VALUES (N'KH04', N'Nguyễn Viết Vũ', N'Q.7 TPHCM', 0952031569, N'hehe@gmail.com')
INSERT INTO KHACHHANG(MAKH, TENKH, DIACHI, DIENTHOAI, GMAIL) VALUES (N'KH05', N'Nguyễn Thu Cẩm', N'Q.9 TPHCM', 0985623521, N'sung1300k@gmail.com')
INSERT INTO KHACHHANG(MAKH, TENKH, DIACHI, DIENTHOAI, GMAIL) VALUES (N'KH06', N'Trần Tuyết Như', N'Q. Bình Thạnh TPHCM', 0998564258, N'xinsdt@gmail.com')
INSERT INTO KHACHHANG(MAKH, TENKH, DIACHI, DIENTHOAI, GMAIL) VALUES (N'KH07', N'Trần Ngọc Tuân', N'Q.3 TPHCM', 0984521039, N'tvnq@gmail.com')
INSERT INTO KHACHHANG(MAKH, TENKH, DIACHI, DIENTHOAI, GMAIL) VALUES (N'KH08', N'Nguyễn Thị Thu Trang', N'Q.8 TPHCM', 021056391, N'bhdn@gmail.com')
INSERT INTO KHACHHANG(MAKH, TENKH, DIACHI, DIENTHOAI, GMAIL) VALUES (N'KH09', N'Trần Anh Vũ', N'Q.2 TPHCM', 0923568941, N'dhv0612@gmail.com')
INSERT INTO KHACHHANG(MAKH, TENKH, DIACHI, DIENTHOAI, GMAIL) VALUES (N'KH10', N'Văn Thị Ngân Hà', N'Q.3 TPHCM', 0998532123, N'sung600k@gmail.com')
--Loại xe
INSERT INTO LOAISP (MALOAI, TENLOAI) VALUES (N'L01', N'Xe số')
INSERT INTO LOAISP (MALOAI, TENLOAI) VALUES (N'L02', N'Xe tay ga')
INSERT INTO LOAISP (MALOAI, TENLOAI) VALUES (N'L03', N'Xe MOTO')
--Dịch vụ
INSERT INTO DICHVU(MADV, TENDV) VALUES (N'KM01', N'Rửa xe')
INSERT INTO DICHVU(MADV, TENDV) VALUES (N'KM02', N'Thay nhớt')
INSERT INTO DICHVU(MADV, TENDV) VALUES (N'KM03', N'Rửa xe')



--Sản phẩm 
--Xe số---------------------------------------------------------------------------------------------------------------------------------------------------
INSERT INTO SANPHAM(MASP, TENSP, MALOAI, DUNGTICHXL, KICHTHUOC, KHOILUONG, CONGSUATTD, HANGXE, SOLUONG, GIABAN, HINHANH) VALUES (N'SP01', N'WinnerX',
N'L01',N'149,1 cm3',N'2.019 x 727 x 1.088 mm',123,N'11,5kW/9.000 vòng/phút', N'Honda' , 241, 30190000, null)
INSERT INTO SANPHAM(MASP, TENSP, MALOAI, DUNGTICHXL, KICHTHUOC, KHOILUONG, CONGSUATTD, HANGXE, SOLUONG, GIABAN, HINHANH) VALUES (N'SP02', N'Future 125 FI',
N'L01',N'124,9 cm3',N'1.931 x 711 x 1.083 mm',104,N'6,83 kW/7.500 vòng/phút', N'Honda' , 156, 30190000, null)
INSERT INTO SANPHAM(MASP, TENSP, MALOAI, DUNGTICHXL, KICHTHUOC, KHOILUONG, CONGSUATTD, HANGXE, SOLUONG, GIABAN, HINHANH) VALUES (N'SP03', N'Blade',
N'L01',N'109,1 cm3',N'1.920 x 702 x 1.075 mm',98,N'6,18 kW/7.500 vòng/phút', N'Honda' , 155, 30190000, null)
INSERT INTO SANPHAM(MASP, TENSP, MALOAI, DUNGTICHXL, KICHTHUOC, KHOILUONG, CONGSUATTD, HANGXE, SOLUONG, GIABAN, HINHANH) VALUES (N'SP04', N'Wave Alpha',
N'L01',N'109,1cm3',N'1.914mm x 688mm x 1.075mm',97,N'6,12 kW / 7.500 vòng/phút', N'Honda' , 146, 17790000, null)
INSERT INTO SANPHAM(MASP, TENSP, MALOAI, DUNGTICHXL, KICHTHUOC, KHOILUONG, CONGSUATTD, HANGXE, SOLUONG, GIABAN, HINHANH) VALUES (N'SP05', N'Wave RSX FI',
N'L01',N'109,2 cm3',N'1.921 mm x 709 mm x 1.081 mm',98,N'6,46 kW / 7.500 vòng/phút', N'Honda' , 126, 21690000, null)
INSERT INTO SANPHAM(MASP, TENSP, MALOAI, DUNGTICHXL, KICHTHUOC, KHOILUONG, CONGSUATTD, HANGXE, SOLUONG, GIABAN, HINHANH) VALUES (N'SP06', N'Super Cub C125',
N'L01',N'124,9cm3',N'1.910 x 718 x 1.002mm',108,N'6,79kW / 7.500 vòng/phút', N'Honda' ,111, 84990000, null)
--Xe ga ---------------------------------------------------------------------------------------------------------------------------------------------------
INSERT INTO SANPHAM(MASP, TENSP, MALOAI, DUNGTICHXL, KICHTHUOC, KHOILUONG, CONGSUATTD, HANGXE, SOLUONG, GIABAN, HINHANH) VALUES (N'SP07', N'Air Blade 150',
N'L02',N' 149,3cm3',N'1.870mm x 686mm x 1.112mm',113,N'9,6kW/8.500 vòng/phút', N'Honda' , 157, 41190000, null)
INSERT INTO SANPHAM(MASP, TENSP, MALOAI, DUNGTICHXL, KICHTHUOC, KHOILUONG, CONGSUATTD, HANGXE, SOLUONG, GIABAN, HINHANH) VALUES (N'SP08', N'Vision',
N'L02',N'108,2 cm3',N'1.863mm x 686mm x 1.088mm',96,N'6,59 kW/7.500 vòng/phút', N'Honda' , 163, 29990000, null)
INSERT INTO SANPHAM(MASP, TENSP, MALOAI, DUNGTICHXL, KICHTHUOC, KHOILUONG, CONGSUATTD, HANGXE, SOLUONG, GIABAN, HINHANH) VALUES (N'SP09', N'SH Mode 125',
N'L02',N'124,9cm3',N'1.930mm x 669mm x 1.105mm',117,N'8,18 (kW)/8500 vòng/phút', N'Honda' , 148,51690000, null)
INSERT INTO SANPHAM(MASP, TENSP, MALOAI, DUNGTICHXL, KICHTHUOC, KHOILUONG, CONGSUATTD, HANGXE, SOLUONG, GIABAN, HINHANH) VALUES (N'SP10', N'PCX Hybrid',
N'L02',N'124,9cm3',N'1.923 x 745 x 1.107mm',134,N'10,8 kW/8.500 vòng/phút ', N'Honda' ,137, 89990000, null)
--MOTO ---------------------------------------------------------------------------------------------------------------------------------------------------
INSERT INTO SANPHAM(MASP, TENSP, MALOAI, DUNGTICHXL, KICHTHUOC, KHOILUONG, CONGSUATTD, HANGXE, SOLUONG, GIABAN, HINHANH) VALUES (N'SP11', N'Rebel 300',
N'L03',N'286.01cc',N'2,190mm x 820mm x 1,093mm',170,N'25.1 Nm/7,500 vòng/phút', N'Honda' , 178,125000000, null)
INSERT INTO SANPHAM(MASP, TENSP, MALOAI, DUNGTICHXL, KICHTHUOC, KHOILUONG, CONGSUATTD, HANGXE, SOLUONG, GIABAN, HINHANH) VALUES (N'SP12', N'CB500X',
N'L03',N'471 cm3',N'2.155mm x 825mm x 1.445mm',197,N'35 kW / 8.600 vòng/phút', N'Honda' , 198,187990000, null)
INSERT INTO SANPHAM(MASP, TENSP, MALOAI, DUNGTICHXL, KICHTHUOC, KHOILUONG, CONGSUATTD, HANGXE, SOLUONG, GIABAN, HINHANH) VALUES (N'SP13', N'CB300R',
N'L03',N'286 cm3',N'2.020 x 805 x 1.050mm',145,N'22,8kW / 8.500 vòng/phút', N'Honda' , 178,140000000, null)
INSERT INTO SANPHAM(MASP, TENSP, MALOAI, DUNGTICHXL, KICHTHUOC, KHOILUONG, CONGSUATTD, HANGXE, SOLUONG, GIABAN, HINHANH) VALUES (N'SP14', N'CBR1000RR-SP',
N'L03',N'999,8cc',N'2.065mm x 720mm x 1.125mm',195,N'141kW/13.000 vòng/phút', N'Honda' ,177,678000000, null)
--Nhân viên
--202cb962ac59075b964b07152d234b70
INSERT INTO NHANVIEN (MANHANVIEN, TENNHANVIEN, SDT, DIACHI, EMAIL, NGAYSINH, GIOITINH, QUEQUAN, PASSWORD, USERLOGIN, MACV) VALUES(N'NV01', N'Nguyễn Viết Vũ', 953564186, N'Q.2 TPHCM', N'vietvuit98@gmail.com', CAST(N'1998-06-14' AS Date), N'Nam', N'Tỉnh Gia Lai', N'123', N'vietvu', N'CV01')
INSERT INTO NHANVIEN (MANHANVIEN, TENNHANVIEN, SDT, DIACHI, EMAIL, NGAYSINH, GIOITINH, QUEQUAN, PASSWORD, USERLOGIN, MACV) VALUES (N'NV02', N'Vương Thị Thảo', 985231253, N'Q.1 TPHCM', N'dhvgroupdhv@gmail.com', CAST(N'1999-11-10' AS Date), N'Nữ', N'TPHCM', N'123', N'admin02', N'CV03')
INSERT INTO NHANVIEN (MANHANVIEN, TENNHANVIEN, SDT, DIACHI, EMAIL, NGAYSINH, GIOITINH, QUEQUAN, PASSWORD, USERLOGIN, MACV) VALUES (N'NV03', N'Phạm Duy Tấn', 965230256, N'Q. Thủ Đức TPHCM', N'hoho@gmail.com', CAST(N'1999-09-12' AS Date), N'Nam', N'Tỉnh Kiên Giang', N'123', N'admin03', N'CV01')
INSERT INTO NHANVIEN (MANHANVIEN, TENNHANVIEN, SDT, DIACHI, EMAIL, NGAYSINH, GIOITINH, QUEQUAN, PASSWORD, USERLOGIN, MACV) VALUES (N'NV04', N'Phan Thành Nên', 930256412, N'Q.7 TPHCM', N'hehe@gmail.com', CAST(N'1998-03-05' AS Date), N'Nam', N'TPHCM', N'123', N'admin04', N'CV02')
INSERT INTO NHANVIEN (MANHANVIEN, TENNHANVIEN, SDT, DIACHI, EMAIL, NGAYSINH, GIOITINH, QUEQUAN, PASSWORD, USERLOGIN, MACV) VALUES (N'NV05', N'Đoàn Minh Nhật', 996535352, N'Q.9 TPHCM', N'haha@gmail.com', CAST(N'1997-12-04' AS Date),N'Nam', N'Tỉnh Cà Mau', N'123', N'admin05', N'CV02')
INSERT INTO NHANVIEN (MANHANVIEN, TENNHANVIEN, SDT, DIACHI, EMAIL, NGAYSINH, GIOITINH, QUEQUAN, PASSWORD, USERLOGIN, MACV) VALUES (N'NV06', N'Văn Thị Ngân Hà', 902320236, N'Q.3 TPHCM', N'huhu2@gmail.com', CAST(N'1998-10-02' AS Date), N'Nữ', N'TPHCM', N'123', N'admin06', N'CV01')
INSERT INTO NHANVIEN (MANHANVIEN, TENNHANVIEN, SDT, DIACHI, EMAIL, NGAYSINH, GIOITINH, QUEQUAN, PASSWORD, USERLOGIN, MACV) VALUES (N'NV07', N'Bùi Minh Tuấn', 998652589, N'Q.5 TPHCM', N'hihi@gmail.com', CAST(N'1998-10-06' AS Date), N'Nam', N'Tỉnh Bình Dương', N'123', N'admin07', N'CV03')
INSERT INTO NHANVIEN (MANHANVIEN, TENNHANVIEN, SDT, DIACHI, EMAIL, NGAYSINH, GIOITINH, QUEQUAN, PASSWORD, USERLOGIN, MACV) VALUES (N'NV08', N'Nguyễn Đình Hoàng', 963202201, N'Q.1 TPHCM', N'zeze@gmail.com', CAST(N'1995-11-09' AS Date), N'Nam', N'Tỉnh Đồng Nai', N'123', N'admin08', N'CV02')
INSERT INTO NHANVIEN (MANHANVIEN, TENNHANVIEN, SDT, DIACHI, EMAIL, NGAYSINH, GIOITINH, QUEQUAN, PASSWORD, USERLOGIN, MACV) VALUES (N'NV09', N'Nguyễn Phúc Hoài Linh', 930222565, N'Q.9 TPHCM', N'zzaza@gmail.com', CAST(N'1999-03-03' AS Date), N'Nam', N'Tỉnh Quảng Nam', N'123', N'admin0*', N'CV02')
INSERT INTO NHANVIEN (MANHANVIEN, TENNHANVIEN, SDT, DIACHI, EMAIL, NGAYSINH, GIOITINH, QUEQUAN, PASSWORD, USERLOGIN, MACV) VALUES (N'NV10', N'Nguyễn Văn Vân', 932022203, N'Q.9 TPHCM', N'zzzaaa@gmail.com', CAST(N'1999-12-05' AS Date), N'Nam', N'TPHCM', N'123', N'admin10', N'CV02')

--Loại phụ tùng ----------------------------------------------------
INSERT INTO LOAIPT(MALOAIPT, TENLOAIPT, MOTA) VALUES(N'LPT01', N'Tấm lọc gió', N'Lọc gió có chức năng lọc không khí đi vào động cơ và giữ lại bụi bẩn, đảm bảo không khí đi vào động. Lọc gió không được kiểm tra và vệ sinh sẽ làm gia tăng việc tiêu hao nhiên liệu và giảm tuổi thọ các phụ tùng khác. Lọc gió khô cần được vệ sinh sau mỗi 4000km và thay thế sau mỗi 12000km. Đối với lọc gió dầu, không được cố gắng làm sạch mà cần thay thế sau mỗi 16000km với xe bảo hành 2 năm, mỗi 18000km với xe bảo hành 3 năm để đảm bảo xe được vận hành an toàn.')
INSERT INTO LOAIPT(MALOAIPT, TENLOAIPT, MOTA) VALUES(N'LPT02', N'Bugi', N'Honda khuyến cáo cứ 8000 km bạn nên thay thế định kì 1 lần để đảm bảo xe của bạn được vận hành an toàn, riêng với Airblade và PCX 2016, sau 12000 km bạn nên thay thế định kì 1 lần.')
INSERT INTO LOAIPT(MALOAIPT, TENLOAIPT, MOTA) VALUES(N'LPT03', N'Bộ má phanh', N'Hệ thống phanh giữ vai trò là hệ thống an toàn, nếu duy trì tình trạng xấu trong thời gian dài có thể làm lây lan hư hỏng sang các chi tiết và bộ phận liên quan, trường hợp xấu có thể gây ra tai nạn. Honda khuyến cáo cần kiểm tra má phanh mỗi 4000km với xe bảo hành 2 năm hoặc mỗi 6000km với xe bảo hành 3 năm để đảm bảo xe được vận hành an toàn.')
INSERT INTO LOAIPT(MALOAIPT, TENLOAIPT, MOTA) VALUES(N'LPT04', N'Bộ nhông, xích', N'Tuổi thọ của xích tải phụ thuộc vào việc điều chỉnh va bôi trơn hợp lý. Bảo dưỡng không tốt dẫn đến hư hỏng xích tải và nhông xích. Honda khuyến cáo bạn nên kiểm tra và bôi trơn định kì mỗi 500km và thay thế theo tư vấn của kỹ thuật viên để đảm bảo xe của bạn được vận hành an toàn.')
INSERT INTO LOAIPT(MALOAIPT, TENLOAIPT, MOTA) VALUES(N'LPT05', N'Ắc quy', N'Ắc quy không được kiểm tra định kỳ, xe có thể không khởi động được, hệ thống chếu sáng bị ảnh hưởng. Sử dụng ắc quy không chính hiệu, không tương thích dễ dẫn đến hư hỏng bất thường. Honda khuyến cáo sau 2 năm bạn nên thay thế định kì 1 lần đối với ắc quy nước và sau 3 năm thay thế định kì 1 lần đối với ắc quy khô để đảm bảo xe của bạn được vận hành an toàn. (Riêng PCX 125 cần kiểm tra sau mỗi 6000km)')
INSERT INTO LOAIPT(MALOAIPT, TENLOAIPT, MOTA) VALUES(N'LPT06', N'Lốp Xe', N'Lốp xe bảo đảm cho việc lái xe an toàn và êm ái. Sử dụng lốp không chính hiệu làm giảm tuổi thọ của các phụ tùng liên quan khác, gây khó khăn khi điều khiển xe và làm gia tăng nhiên liệu tiêu hao. Khuyến cáo: Cần kiểm tra lốp xe mỗi 4000km với xe bảo hành 2 năm hoặc mỗi 6000km với xe bảo hành 3 năm để đảm bảo xe được vận hành an toàn')

--Phụ tùng ---------------------------------------------------------
INSERT INTO PHUTUNG(MAPT, TENPT, MALOAIPT, SOLUONG, GIABAN, HINHANH) VALUES (N'PT01', N'Tấm lọc gió (dành cho) Wave alpha; Wave RSX', N'LPT01', 40, 64000, NULL )
INSERT INTO PHUTUNG(MAPT, TENPT, MALOAIPT, SOLUONG, GIABAN, HINHANH) VALUES (N'PT02', N'Bugi (dành cho) Future 110; Super Dream 100', N'LPT02', 50, 57200, NULL )
INSERT INTO PHUTUNG(MAPT, TENPT, MALOAIPT, SOLUONG, GIABAN, HINHANH) VALUES (N'PT03', N'Bộ má phanh (dành cho) Wave alpha 100; Dream 100; Future 11', N'LPT03', 54, 66000, NULL )
INSERT INTO PHUTUNG(MAPT, TENPT, MALOAIPT, SOLUONG, GIABAN, HINHANH) VALUES (N'PT04', N'Bộ nhông, xích (dành cho) Wave RSX 110; Wave alpha 100', N'LPT04', 47, 165000, NULL )
INSERT INTO PHUTUNG(MAPT, TENPT, MALOAIPT, SOLUONG, GIABAN, HINHANH) VALUES (N'PT05', N'Ắc quy (dành cho) Wave RSX 110', N'LPT04', 48, 253000, NULL )
INSERT INTO PHUTUNG(MAPT, TENPT, MALOAIPT, SOLUONG, GIABAN, HINHANH) VALUES (N'PT06', N'Lốp Xe (dành cho) LEAD 110', N'LPT05', 48, 371800, NULL )

select * from SANPHAM


























































